SRC0->LF0,0.000000,9000
SRC1->LF0,0.000000,9000
SRC2->LF1,0.000000,9000
SRC3->LF1,0.000000,9000
SRC4->LF2,0.000000,9000
SRC5->LF2,0.000000,9000
SRC6->LF3,0.000000,9000
SRC7->LF3,0.000000,9000
LF0->DST1,1.775120,9000
LF1->DST3,1.775120,9000
LF2->DST5,1.775120,9000
LF3->DST7,1.775120,9000
LF0->SP1,1.775120,9000
LF1->SP0,1.775120,9000
LF2->SP2,1.775120,9000
LF3->SP2,1.775120,9000
SRC1->LF0,0.000000,9000
SRC3->LF1,0.000000,9000
SRC5->LF2,0.000000,9000
SRC7->LF3,0.000000,9000
SP1->LF1,3.187680,9000
SP0->SP2,3.187680,9000
SP2->LF3,3.187680,9000
SP2->SP0,3.187680,9000
LF0->DST0,3.830240,9000
LF1->DST2,3.830240,9000
LF2->DST4,3.830240,9000
LF3->DST6,3.830240,9000
LF1->DST2,4.600240,9000
SP2->LF2,4.600240,9000
LF3->DST6,4.600240,9000
SP0->LF0,4.600240,9000
SRC1->LF0,4.830240,9000
SRC3->LF1,4.830240,9000
SRC5->LF2,4.830240,9000
SRC7->LF3,4.830240,9000
SRC2->LF1,0.000000,9000
SRC6->LF3,0.000000,9000
LF2->DST4,6.012800,9000
LF0->DST0,6.012800,9000
LF0->SP1,6.605360,9000
LF1->SP0,6.605360,9000
LF2->SP2,6.605360,9000
LF3->SP2,6.605360,9000
LF1->SP0,6.655360,9000
LF3->SP2,6.655360,9000
SRC4->LF2,0.000000,9000
SRC0->LF0,0.000000,9000
SP0->LF0,7.707920,9000
SP2->LF2,7.707920,9000
SP1->LF1,8.017920,9000
SP0->SP2,8.017920,9000
SP2->LF3,8.017920,9000
SP2->SP0,8.017920,9000
LF2->SP2,8.067920,9000
LF0->SP0,8.067920,9000
LF0->DST1,8.760480,9000
LF2->DST5,8.760480,9000
SP2->SP0,9.120480,9000
SP0->SP2,9.120480,9000
LF1->DST2,9.430480,9000
SP2->LF2,9.430480,9000
LF3->DST6,9.430480,9000
SP0->LF0,9.430480,9000
SRC2->LF1,9.760480,9000
SRC6->LF3,9.760480,9000
SP0->LF1,10.173040,9000
SP2->LF3,10.173040,9000
SRC2->LF1,4.830240,9000
SRC6->LF3,4.830240,9000
LF2->DST4,10.843040,9000
LF0->DST0,10.843040,9000
LF1->SP0,11.485600,9000
LF3->SP2,11.485600,9000
LF1->DST3,11.535600,9000
LF3->DST7,11.535600,9000
LF1->DST3,11.538160,9000
LF3->DST7,11.538160,9000
SRC4->LF2,4.830240,9000
SRC0->LF0,4.830240,9000
SRC3->LF1,9.760480,9000
SRC7->LF3,9.760480,9000
SP0->LF0,12.538160,9000
SP2->LF2,12.538160,9000
SRC4->LF2,12.538160,9000
SRC0->LF0,12.538160,9000
LF2->SP2,12.898160,9000
LF0->SP0,12.898160,9000
LF1->DST2,13.590720,9000
LF3->DST6,13.590720,9000
LF0->DST1,13.590720,9000
LF2->DST5,13.590720,9000
SP2->SP0,13.950720,9000
SP0->SP2,13.950720,9000
LF2->DST5,14.313280,9000
LF0->DST1,14.313280,9000
SRC3->LF1,14.590720,9000
SRC7->LF3,14.590720,9000
SRC2->LF1,14.590720,9000
SRC6->LF3,14.590720,9000
SP0->LF1,15.003280,9000
SP2->LF3,15.003280,9000
SRC1->LF0,12.538160,9000
SRC5->LF2,12.538160,9000
LF1->SP0,16.365840,9000
LF3->SP2,16.365840,9000
LF1->DST3,16.365840,9000
LF3->DST7,16.365840,9000
LF1->DST3,16.368400,9000
LF3->DST7,16.368400,9000
LF0->DST0,16.368400,9000
LF2->DST4,16.368400,9000
SRC3->LF1,14.590720,9000
SRC7->LF3,14.590720,9000
SRC1->LF0,17.368400,9000
SRC5->LF2,17.368400,9000
SRC4->LF2,17.368400,9000
SRC0->LF0,17.368400,9000
SP0->SP2,17.778400,9000
SP2->SP0,17.778400,9000
LF1->DST2,18.420960,9000
LF3->DST6,18.420960,9000
LF0->SP1,19.143520,9000
LF2->SP2,19.143520,9000
LF0->DST1,19.143520,9000
LF2->DST5,19.143520,9000
SP2->LF2,19.190960,9000
SP0->LF0,19.190960,9000
SRC3->LF1,19.420960,9000
SRC7->LF3,19.420960,9000
SRC1->LF0,17.368400,9000
SRC5->LF2,17.368400,9000
SP1->LF1,20.556080,9000
SP2->LF3,20.556080,9000
LF2->DST4,20.603520,9000
LF0->DST0,20.603520,9000
LF1->SP0,21.196080,9000
LF3->SP2,21.196080,9000
LF0->DST0,21.198640,9000
LF2->DST4,21.198640,9000
SRC4->LF2,14.590720,9000
SRC0->LF0,14.590720,9000
LF1->DST2,21.968640,9000
LF3->DST6,21.968640,9000
SRC5->LF2,22.198640,9000
SRC1->LF0,22.198640,9000
SP0->SP2,22.608640,9000
SP2->SP0,22.608640,9000
LF2->SP2,22.658640,9000
LF0->SP0,22.658640,9000
SRC2->LF1,17.368400,9000
SRC6->LF3,17.368400,9000
SP2->SP0,23.711200,9000
SP0->SP2,23.711200,9000
LF2->SP2,23.973760,9000
LF0->SP1,23.973760,9000
SP2->LF2,24.021200,9000
SP0->LF0,24.021200,9000
LF1->SP0,24.023760,9000
LF3->SP2,24.023760,9000
SP0->LF1,24.763760,9000
SP2->LF3,24.763760,9000
SP0->LF0,25.076320,9000
SP2->LF2,25.076320,9000
SP2->LF3,25.386320,9000
SP1->LF1,25.386320,9000
LF2->DST4,25.433760,9000
LF0->DST0,25.433760,9000
LF1->DST3,25.816320,9000
LF3->DST7,25.816320,9000
LF0->DST1,26.128880,9000
LF2->DST5,26.128880,9000
SRC4->LF2,19.420960,9000
SRC0->LF0,19.420960,9000
LF1->DST2,26.798880,9000
LF3->DST6,26.798880,9000
SRC4->LF2,26.816320,9000
SRC0->LF0,26.816320,9000
SRC2->LF1,27.128880,9000
SRC6->LF3,27.128880,9000
LF2->SP2,27.488880,9000
LF0->SP0,27.488880,9000
SRC2->LF1,22.198640,9000
SRC6->LF3,22.198640,9000
SP2->SP0,28.541440,9000
SP0->SP2,28.541440,9000
LF2->DST5,28.591440,9000
LF0->DST1,28.591440,9000
LF1->SP0,28.854000,9000
LF3->SP2,28.854000,9000
LF1->DST3,28.904000,9000
LF3->DST7,28.904000,9000
SRC5->LF2,26.816320,9000
SRC1->LF0,26.816320,9000
SP0->LF1,29.594000,9000
SP2->LF3,29.594000,9000
SRC3->LF1,27.128880,9000
SRC7->LF3,27.128880,9000
SP0->LF0,29.906560,9000
SP2->LF2,29.906560,9000
LF2->DST4,30.646560,9000
LF0->DST0,30.646560,9000
LF1->DST3,30.646560,9000
LF3->DST7,30.646560,9000
LF1->DST2,30.959120,9000
LF3->DST6,30.959120,9000
LF0->DST1,30.959120,9000
LF2->DST5,30.959120,9000
SRC5->LF2,31.646560,9000
SRC1->LF0,31.646560,9000
SRC4->LF2,31.646560,9000
SRC0->LF0,31.646560,9000
SRC3->LF1,31.959120,9000
SRC7->LF3,31.959120,9000
SRC2->LF1,31.959120,9000
SRC6->LF3,31.959120,9000
LF2->SP2,33.421680,9000
LF0->SP1,33.421680,9000
LF2->DST5,33.421680,9000
LF0->DST1,33.421680,9000
LF1->SP0,33.734240,9000
LF3->SP2,33.734240,9000
LF1->DST3,33.734240,9000
LF3->DST7,33.734240,9000
SRC5->LF2,31.646560,9000
SRC1->LF0,31.646560,9000
SRC3->LF1,31.959120,9000
SRC7->LF3,31.959120,9000
SP2->LF3,34.834240,9000
SP1->LF1,34.834240,9000
SP0->SP2,35.146800,9000
SP2->SP0,35.146800,9000
LF2->DST4,35.476800,9000
LF0->DST0,35.476800,9000
LF1->DST2,35.789360,9000
LF3->DST6,35.789360,9000
LF3->DST6,36.246800,9000
LF1->DST2,36.246800,9000
SRC5->LF2,36.476800,9000
SRC1->LF0,36.476800,9000
SP2->LF2,36.559360,9000
SP0->LF0,36.559360,9000
SRC3->LF1,36.789360,9000
SRC7->LF3,36.789360,9000
SRC2->LF1,31.646560,9000
SRC6->LF3,31.646560,9000
LF2->DST4,37.971920,9000
LF0->DST0,37.971920,9000
LF2->SP2,38.251920,9000
LF0->SP1,38.251920,9000
LF1->SP0,38.564480,9000
LF3->SP2,38.564480,9000
LF1->SP0,38.567040,9000
LF3->SP2,38.567040,9000
SRC4->LF2,31.959120,9000
SRC0->LF0,31.959120,9000
SP0->LF0,39.619600,9000
SP2->LF2,39.619600,9000
SP2->LF3,39.664480,9000
SP1->LF1,39.664480,9000
SP0->SP2,39.977040,9000
SP2->SP0,39.977040,9000
LF2->SP2,40.027040,9000
LF0->SP0,40.027040,9000
LF0->DST1,40.672160,9000
LF2->DST5,40.672160,9000
LF3->DST6,41.077040,9000
LF1->DST2,41.077040,9000
SP2->SP0,41.079600,9000
SP0->SP2,41.079600,9000
SP2->LF2,41.389600,9000
SP0->LF0,41.389600,9000
SRC2->LF1,41.672160,9000
SRC6->LF3,41.672160,9000
SRC6->LF3,36.476800,9000
SRC2->LF1,36.476800,9000
SP0->LF1,42.132160,9000
SP2->LF3,42.132160,9000
LF2->DST4,42.802160,9000
LF0->DST0,42.802160,9000
LF1->SP0,43.132160,9000
LF3->SP2,43.132160,9000
LF1->DST3,43.447280,9000
LF3->DST7,43.447280,9000
LF1->DST3,43.449840,9000
LF3->DST7,43.449840,9000
SRC4->LF2,36.789360,9000
SRC0->LF0,36.789360,9000
SP0->LF0,44.184720,9000
SP2->LF2,44.184720,9000
SRC3->LF1,41.672160,9000
SRC7->LF3,41.672160,9000
SRC4->LF2,44.449840,9000
SRC0->LF0,44.449840,9000
LF2->SP2,44.857280,9000
LF0->SP0,44.857280,9000
LF0->DST1,45.237280,9000
LF2->DST5,45.237280,9000
LF1->DST2,45.502400,9000
LF3->DST6,45.502400,9000
SP2->SP0,45.909840,9000
SP0->SP2,45.909840,9000
LF2->DST5,46.224960,9000
LF0->DST1,46.224960,9000
SRC2->LF1,46.237280,9000
SRC6->LF3,46.237280,9000
SRC3->LF1,46.502400,9000
SRC7->LF3,46.502400,9000
SP0->LF1,46.962400,9000
SP2->LF3,46.962400,9000
SRC1->LF0,44.449840,9000
SRC5->LF2,44.449840,9000
LF1->DST3,48.012400,9000
LF3->DST7,48.012400,9000
LF1->DST3,48.014960,9000
LF3->DST7,48.014960,9000
LF1->SP0,48.277520,9000
LF3->SP2,48.277520,9000
LF0->DST0,48.280080,9000
LF2->DST4,48.280080,9000
SRC3->LF1,46.237280,9000
SRC7->LF3,46.237280,9000
SRC4->LF2,49.014960,9000
SRC0->LF0,49.014960,9000
SRC1->LF0,49.280080,9000
SRC5->LF2,49.280080,9000
SP0->SP2,49.690080,9000
SP2->SP0,49.690080,9000
LF1->DST2,50.067520,9000
LF3->DST6,50.067520,9000
LF2->DST5,50.790080,9000
LF0->DST1,50.790080,9000
LF0->SP1,51.055200,9000
LF2->SP2,51.055200,9000
SP2->LF2,51.102640,9000
SP0->LF0,51.102640,9000
SRC5->LF2,49.014960,9000
SRC1->LF0,49.014960,9000
SP1->LF1,52.467760,9000
SP2->LF3,52.467760,9000
LF2->DST4,52.515200,9000
LF0->DST0,52.515200,9000
LF2->DST4,52.845200,9000
LF0->DST0,52.845200,9000
SRC4->LF2,46.502400,9000
SRC0->LF0,46.502400,9000
LF1->DST2,53.880320,9000
LF3->DST6,53.880320,9000
LF2->SP2,54.570320,9000
LF0->SP0,54.570320,9000
SRC2->LF1,49.280080,9000
SRC6->LF3,49.280080,9000
SP2->SP0,55.622880,9000
SP0->SP2,55.622880,9000
LF1->SP0,55.935440,9000
LF3->SP2,55.935440,9000
SP0->LF1,56.675440,9000
SP2->LF3,56.675440,9000
SP0->LF0,56.988000,9000
SP2->LF2,56.988000,9000
LF1->DST3,57.728000,9000
LF3->DST7,57.728000,9000
LF0->DST1,58.040560,9000
LF2->DST5,58.040560,9000
